Species,value,prevalence
coar,10.65553711323181,34
sece,10.654446221194473,26
sial,9.949779625831747,22
bocu,9.672662441600968,53
sphe,9.369647882439757,15
kosc,8.950065734940953,323
satr,7.018271925293122,376
mesa,6.438057395002782,50
navi,5.841347758643679,20
upg4,5.631127026914932,14
brte,4.894476485918117,290
elre,3.084221503134061,202
atca,2.916369683543331,21
