Species,value,prevalence
bocu,8.200655355465356,53
kosc,8.070337105504063,323
ia_bromus,8.007590236453439,290
atca,7.693487665671615,21
upg4,6.7218463866375595,14
satr,6.580921274772547,376
sece,6.216800323930764,26
pasm,5.406980090700107,202
ia_brass,5.020192090479775,29
coar,4.515266562417268,34
sphe,4.508317354090012,15
mesa,3.72122925999458,50
navi,2.2169501324160925,20
