Species,value,prevalence
sece,6.121942714155009,26
mesa,5.444115457989796,50
coar,5.315967553682688,34
bocu,5.261748516889798,53
brte,5.241504752058646,290
satr,4.183781431470297,376
kosc,3.866726495683476,323
navi,3.3856341473241156,20
elre,2.6848643523420024,202
sphe,2.509958788194502,15
sial,2.312804019385324,22
upg4,2.054272330536337,14
atca,1.918551310032556,21
