Species,value,prevalence
atca,7.797710557063131,21
mesa,7.412760454729487,50
navi,7.16767650366154,20
upg4,6.921857989667139,14
coar,6.8145381449325475,34
sial,6.6876772587658895,22
brte,6.55558186192483,290
elre,6.429952066811441,202
sphe,6.205376150887729,15
sece,5.678014830542091,26
satr,5.537064721190321,376
bocu,4.657723558473675,53
kosc,4.058134609894003,323
