Species,value,prevalence
mesa,7.64938864740343,50
sece,7.303950413364964,26
brte,7.13658333681617,290
bocu,7.018187009517422,53
kosc,6.88501148431747,323
coar,6.747011444197425,34
sial,4.762055802639545,22
satr,3.9863527733328112,376
navi,3.8355486545726643,20
atca,3.1348420716057457,21
upg4,2.937374339895856,14
elre,2.8214124928182907,202
sphe,2.3271565860367605,15
