Species,value,prevalence
sece,5.874291468821147,26
coar,5.457162660131383,34
mesa,5.2060213408247185,50
kosc,5.072959078736362,323
bocu,5.028067989069816,53
brte,4.786319913828352,290
satr,3.8400538703352636,376
sial,3.7065344515240146,22
sphe,3.6931091185455935,15
navi,3.453301585790938,20
atca,2.7458515548988673,21
upg4,2.0434382473144024,14
elre,1.3569145151153446,202
