Species,value,prevalence
coar,8.137988718436267,34
sece,8.097103221220927,26
bocu,7.091223397741339,53
sphe,6.179482443246142,15
kosc,6.042629935786057,323
sial,5.881129069713156,22
satr,5.427225510964185,376
mesa,5.060283983368354,50
atca,4.649879753786384,21
navi,4.109386013226277,20
upg4,4.107593191325629,14
brte,3.774339026997817,290
elre,2.701070397866299,202
