Species,value,prevalence
coar,10.22539409202746,34
sphe,9.81187497600653,15
sial,8.998912635546914,22
sece,8.902042568308794,26
kosc,8.87146705168816,323
bocu,8.150625029602724,53
mesa,7.043611343296103,50
navi,7.003498615536384,20
upg4,5.266340643784575,14
elre,4.332337742033596,202
satr,4.177634881716121,376
atca,4.161178785791663,21
brte,2.699873288691879,290
