Species,value,prevalence
brte,9.128750807615845,290
kosc,9.034095451057802,323
bocu,8.648444839565478,53
mesa,8.17138984709438,50
sece,7.575964172931609,26
upg4,6.220220718640842,14
sial,6.151504654216202,22
coar,5.917482593429888,34
elre,4.942369143454315,202
satr,4.759535991710989,376
atca,4.323233772749376,21
sphe,3.3112110134525787,15
navi,3.0704211898414893,20
