Species,value,prevalence
coar,7.490546681059981,34
sece,7.400888042074597,26
mesa,5.981509628961301,50
atca,5.1674687144844444,21
bocu,5.091585980144556,53
navi,4.899020986239749,20
kosc,4.650418628600299,323
brte,4.3063570111787985,290
satr,4.0503611726909385,376
upg4,3.7875941169355616,14
sial,3.309043276869086,22
sphe,3.1889965184642306,15
elre,2.7263781271066265,202
