Species,value,prevalence
sece,5.889599724595158,26
bocu,5.754112418606319,53
brte,5.435514892825686,290
kosc,4.86628016602259,323
coar,4.831026640221678,34
mesa,4.806512487058957,50
navi,3.9303600938537984,20
satr,3.9208268363781396,376
elre,3.274978224437778,202
sial,2.969597581050666,22
sphe,2.6613957126481305,15
atca,2.2314279689030383,21
upg4,1.7227280421518056,14
