Species,value,prevalence
sece,6.671691404950672,26
coar,6.481451047144074,34
bocu,6.273965016248226,53
atca,6.2071329645758,21
brte,5.7867346089808676,290
kosc,5.767169008362514,323
mesa,5.428228545171091,50
satr,5.3163331738139386,376
upg4,5.087426196300771,14
elre,4.913179332948593,202
navi,4.188803236736067,20
sphe,4.070991112838296,15
sial,3.771962457860249,22
