Species,value,prevalence
sece,6.124595854488703,26
coar,5.857372552841045,34
mesa,4.7606649042894755,50
bocu,4.449323757362741,53
brte,4.4425021388009265,290
satr,4.283461516951479,376
elre,3.877062410370755,202
navi,3.855591277462047,20
sial,3.4079782293315555,22
atca,2.580781284168993,21
kosc,2.4327268378722997,323
upg4,2.264984165393545,14
sphe,1.9780677001383635,15
