Species,value,prevalence
bocu,6.8923917463999285,53
sece,6.773256746715104,26
coar,6.701766415908231,34
atca,6.58838920943351,21
kosc,5.708109262808235,323
satr,5.473865894930936,376
upg4,5.359773529993488,14
brte,5.105815779374163,290
mesa,5.103829305463866,50
elre,4.562827130603118,202
sial,3.781170619371629,22
navi,3.5047835551734936,20
sphe,2.8267870237793384,15
